profile,num_found,num_no_diff,num_other,target_recovery_rate,min_depth,max_depth,avg_depth,min_num_exps,max_num_exps,avg_num_exps
frustrated,48,2,0,1.0,1,1,1.0,1,5,1.0833333333333333
no_attention,44,0,6,0.88,1,2,1.0454545454545454,4,61,7.386363636363637
no_reactivity,46,1,3,0.9387755102040817,1,2,1.0869565217391304,3,38,8.282608695652174
no_memory,50,0,0,1.0,1,1,1.0,3,38,14.72
All,188,3,9,0.9543147208121827,1,2,1.0319148936170213,1,61,7.946808510638298
